{
    "accuracy": 0.85,
    "precision": 0.8365384615384616,
    "recall": 0.87,
    "f1_score": 0.8529411764705882,
    "roc_auc": 0.9253388888888889,
    "pr_auc": 0.9182741022327131
}